id,title,kind,sequence,category,description,adaptation,creator,date,license,notes,kit,local_path,reference_ids,source_urls,tags
A01,"Moon-eye impact, cropped frame",film-still,Moon Approach,Film reference,"Shell embedded in the Moon's eye, cropped reproduction.",,Georges Méliès (underlying film/artwork),1902 film; reproduction/version date may differ,Public domain (Commons source declaration),"Alternate crop or reproduction of a repeated film composition, not a separate unique scene.",moon-approach,film-stills/a01.jpg,[],"[""https://commons.wikimedia.org/wiki/File:A_Trip_to_the_Moon_(Le_Voyage_dans_la_Lune)_(cropped).jpg""]","[""authentic reference"", ""monochrome or drawing""]"
A02,"Moon-eye impact, full reproduction",film-still,Moon Approach,Film reference,Alternate reproduction of the same iconic Moon-eye composition as A01.,,Georges Méliès (underlying film/artwork),1902 film; reproduction/version date may differ,Public domain (Commons source declaration),"Alternate crop or reproduction of a repeated film composition, not a separate unique scene.",moon-approach,film-stills/a02.jpg,[],"[""https://commons.wikimedia.org/wiki/File:A_Trip_to_the_Moon_(Le_Voyage_dans_la_Lune).jpg""]","[""authentic reference"", ""monochrome or drawing""]"
A03,"Cannon attendants, alternate frame",film-still,Launch,Film reference,Attendants work at the cannon's loading section.,,Georges Méliès (underlying film/artwork),1902 film; reproduction/version date may differ,CC BY-SA 4.0 (Commons source declaration),,launch,film-stills/a03.jpg,[],"[""https://commons.wikimedia.org/wiki/File:A_trip_to_the_moon_Le_voyage_dans_la_Lune_Georges_M%C3%A9li%C3%A8s_1902.jpg""]","[""authentic reference"", ""monochrome or drawing""]"
A04,"Two Selenites, later drawing reproduction",retrospective-art,Selenite Court,Historical drawing,Méliès drawing reproduction; apparently matches the 1937 retrospective drawing recorded by the Cinémathèque.,,Georges Méliès (underlying film/artwork),1937 (apparent match),Public domain (Commons source declaration),Linked only. Retain the Commons date discrepancy; do not present this as verified 1902 preproduction concept art.,selenite-court,,"[""M06""]","[""https://commons.wikimedia.org/wiki/File:Le_Voyage_dans_la_Lune_Selenite_drawing.jpg""]","[""authentic reference"", ""monochrome or drawing""]"
A05,"Moon-eye impact, small reproduction",film-still,Moon Approach,Film reference,Low-resolution alternate reproduction of the Moon-eye composition.,,Georges Méliès (underlying film/artwork),1902 film; reproduction/version date may differ,Public domain (Commons source declaration),"Alternate crop or reproduction of a repeated film composition, not a separate unique scene.",moon-approach,film-stills/a05.jpg,[],"[""https://commons.wikimedia.org/wiki/File:Le_Voyage_dans_la_lune.jpg""]","[""authentic reference"", ""monochrome or drawing""]"
A06,"Moon-eye drawing reproduction, date unresolved",historical-drawing,Moon Approach,Historical drawing,"Méliès drawing reproduction; Commons dates it 1902, but the exact original drawing and date need confirmation.",,Georges Méliès (underlying film/artwork),Unresolved; Commons attributes 1902,Public domain (Commons source declaration),Linked only. Retain the Commons date discrepancy; do not present this as verified 1902 preproduction concept art.,moon-approach,,[],"[""https://commons.wikimedia.org/wiki/File:Le_voyage_dans_la_lune_drawing.jpg""]","[""authentic reference"", ""monochrome or drawing""]"
A07,"Moon-eye impact, handcoloured print",film-still,Moon Approach,Film reference,"Frame from a surviving handcoloured print, showing the capsule and expressive Moon face.",,Georges Méliès (underlying film/artwork),1902 film; reproduction/version date may differ,Public domain (Commons source declaration),"Source is a surviving/restored handcoloured print, not an invented game palette or simple grayscale tint.",moon-approach,film-stills/a07.jpg,[],"[""https://commons.wikimedia.org/wiki/File:Melies_color_Voyage_dans_la_lune.jpg""]","[""authentic reference"", ""handcoloured print""]"
A08,Cannon-loading production photograph,production-still,Launch,Film reference,"Detailed production still of attendants, cannon loading section and painted rooftops.",,Georges Méliès (underlying film/artwork),1902 film; reproduction/version date may differ,Public domain (Commons source declaration),,launch,film-stills/a08.jpg,[],"[""https://commons.wikimedia.org/wiki/File:M%C3%A9li%C3%A8s_Trip_to_the_Moon_cannon_still.jpg""]","[""authentic reference"", ""monochrome or drawing""]"
A09,Planetary dream production photograph,production-still,Celestial Dream,Film reference,"Earth globe, crescent performer, Saturn performer, sleeping travellers and angular scenic wings.",,Georges Méliès (underlying film/artwork),1902 film; reproduction/version date may differ,Public domain (Commons source declaration),,celestial-dream,film-stills/a09.jpg,[],"[""https://commons.wikimedia.org/wiki/File:M%C3%A9li%C3%A8s_Trip_to_the_Moon_planets_still.jpg""]","[""authentic reference"", ""monochrome or drawing""]"
A10,Star faces production photograph,production-still,Celestial Dream,Film reference,Seven human faces in geometric stars above sleeping explorers and the same lunar scenery.,,Georges Méliès (underlying film/artwork),1902 film; reproduction/version date may differ,Public domain (Commons source declaration),,celestial-dream,film-stills/a10.jpg,[],"[""https://commons.wikimedia.org/wiki/File:M%C3%A9li%C3%A8s_Trip_to_the_Moon_stars_still.jpg""]","[""authentic reference"", ""monochrome or drawing""]"
F01,Astronomers' congress,film-still,Observatory,Film reference,"Robed astronomers, pointed hats, an astronomical diagram, columns and instruments.",,Georges Méliès (underlying film/artwork),1902 film; reproduction/version date may differ,Public domain (Commons source declaration),Commons metadata says 1900; the filename and institutional film record identify the 1902 film. No frame timestamps have been verified; source print or reproduction date may differ from the film's release.,observatory,film-stills/f01.jpg,[],"[""https://commons.wikimedia.org/wiki/File:M%C3%A9li%C3%A8s,_viaggio_nella_luna_(1902)_01.jpg""]","[""authentic reference"", ""monochrome or drawing""]"
F02,Capsule workshop,film-still,Workshop,Film reference,Workers build a squat bullet-shaped travel shell in a theatrical workshop.,,Georges Méliès (underlying film/artwork),1902 film; reproduction/version date may differ,Public domain (Commons source declaration),Commons metadata says 1900; the filename and institutional film record identify the 1902 film. No frame timestamps have been verified; source print or reproduction date may differ from the film's release.,workshop,film-stills/f02.jpg,[],"[""https://commons.wikimedia.org/wiki/File:M%C3%A9li%C3%A8s,_viaggio_nella_luna_(1902)_02.jpg""]","[""authentic reference"", ""monochrome or drawing""]"
F03,Industrial rooftop and telescope,film-still,Rooftops,Film reference,"A long telescope, lattice structures, rooftops and chimney silhouettes.",,Georges Méliès (underlying film/artwork),1902 film; reproduction/version date may differ,Public domain (Commons source declaration),Commons metadata says 1900; the filename and institutional film record identify the 1902 film. No frame timestamps have been verified; source print or reproduction date may differ from the film's release.,rooftops,film-stills/f03.jpg,[],"[""https://commons.wikimedia.org/wiki/File:M%C3%A9li%C3%A8s,_viaggio_nella_luna_(1902)_03.jpg""]","[""authentic reference"", ""monochrome or drawing""]"
F04,Loading the travel shell,film-still,Launch,Film reference,Attendants and explorers around the cannon's loading platform.,,Georges Méliès (underlying film/artwork),1902 film; reproduction/version date may differ,Public domain (Commons source declaration),Commons metadata says 1900; the filename and institutional film record identify the 1902 film. No frame timestamps have been verified; source print or reproduction date may differ from the film's release.,launch,film-stills/f04.jpg,[],"[""https://commons.wikimedia.org/wiki/File:M%C3%A9li%C3%A8s,_viaggio_nella_luna_(1902)_04.jpg""]","[""authentic reference"", ""monochrome or drawing""]"
F05,Launch cannon exterior,film-still,Launch,Film reference,Oversized cannon and period launch attendants above painted town rooftops.,,Georges Méliès (underlying film/artwork),1902 film; reproduction/version date may differ,Public domain (Commons source declaration),Commons metadata says 1900; the filename and institutional film record identify the 1902 film. No frame timestamps have been verified; source print or reproduction date may differ from the film's release.,launch,film-stills/f05.jpg,[],"[""https://commons.wikimedia.org/wiki/File:M%C3%A9li%C3%A8s,_viaggio_nella_luna_(1902)_05.jpg""]","[""authentic reference"", ""monochrome or drawing""]"
F06,Man in the Moon before impact,film-still,Moon Approach,Film reference,An expressive human face forms the Moon; this frame does not show the shell in its eye.,,Georges Méliès (underlying film/artwork),1902 film; reproduction/version date may differ,Public domain (Commons source declaration),Commons metadata says 1900; the filename and institutional film record identify the 1902 film. No frame timestamps have been verified; source print or reproduction date may differ from the film's release.,moon-approach,film-stills/f06.jpg,[],"[""https://commons.wikimedia.org/wiki/File:M%C3%A9li%C3%A8s,_viaggio_nella_luna_(1902)_06.jpg""]","[""authentic reference"", ""monochrome or drawing""]"
F07,Shell on the lunar surface,film-still,Lunar Surface,Film reference,"Finless shell, painted angular lunar rocks and expedition travellers.",,Georges Méliès (underlying film/artwork),1902 film; reproduction/version date may differ,Public domain (Commons source declaration),No frame timestamps have been verified; source print or reproduction date may differ from the film's release.,lunar-surface,film-stills/f07.jpg,[],"[""https://commons.wikimedia.org/wiki/File:M%C3%A9li%C3%A8s,_viaggio_nella_luna_(1902)_07.jpg""]","[""authentic reference"", ""monochrome or drawing""]"
F08,Celestial dream tableau,film-still,Celestial Dream,Film reference,Theatrical celestial figures appear above sleeping explorers and painted lunar scenery.,,Georges Méliès (underlying film/artwork),1902 film; reproduction/version date may differ,Public domain (Commons source declaration),No frame timestamps have been verified; source print or reproduction date may differ from the film's release.,celestial-dream,film-stills/f08.jpg,[],"[""https://commons.wikimedia.org/wiki/File:M%C3%A9li%C3%A8s,_viaggio_nella_luna_(1902)_08.jpg""]","[""authentic reference"", ""monochrome or drawing""]"
F09,Giant mushroom grotto,film-still,Mushroom Grotto,Film reference,"Shallow mushroom caps, long stalks, irregular shelves, a trunk and porous foreground forms.",,Georges Méliès (underlying film/artwork),1902 film; reproduction/version date may differ,Public domain (Commons source declaration),No frame timestamps have been verified; source print or reproduction date may differ from the film's release.,mushroom-grotto,film-stills/f09.jpg,[],"[""https://commons.wikimedia.org/wiki/File:M%C3%A9li%C3%A8s,_viaggio_nella_luna_(1902)_09.jpg""]","[""authentic reference"", ""monochrome or drawing""]"
F10,Selenite royal court,film-still,Selenite Court,Film reference,"Biped masked Selenites, spears, a seated ruler, celestial ornament and drapery.",,Georges Méliès (underlying film/artwork),1902 film; reproduction/version date may differ,Public domain (Commons source declaration),No frame timestamps have been verified; source print or reproduction date may differ from the film's release.,selenite-court,film-stills/f10.jpg,[],"[""https://commons.wikimedia.org/wiki/File:M%C3%A9li%C3%A8s,_viaggio_nella_luna_(1902)_10.jpg""]","[""authentic reference"", ""monochrome or drawing""]"
F11,White puff on lunar ground,film-still,Escape,Film reference,A dense pale cloud interrupts the painted lunar landscape; a still alone does not establish timing.,,Georges Méliès (underlying film/artwork),1902 film; reproduction/version date may differ,Public domain (Commons source declaration),No frame timestamps have been verified; source print or reproduction date may differ from the film's release.,escape,film-stills/f11.jpg,[],"[""https://commons.wikimedia.org/wiki/File:M%C3%A9li%C3%A8s,_viaggio_nella_luna_(1902)_11.jpg""]","[""authentic reference"", ""monochrome or drawing""]"
F12,Escape shell at the ledge,film-still,Escape,Film reference,Capsule and Selenite at an exposed rock lip with a hanging cord.,,Georges Méliès (underlying film/artwork),1902 film; reproduction/version date may differ,Public domain (Commons source declaration),No frame timestamps have been verified; source print or reproduction date may differ from the film's release.,escape,film-stills/f12.jpg,[],"[""https://commons.wikimedia.org/wiki/File:M%C3%A9li%C3%A8s,_viaggio_nella_luna_(1902)_12.jpg""]","[""authentic reference"", ""monochrome or drawing""]"
F13,Harbour return,film-still,Return,Film reference,"Stage harbour, rigged ship, low rescue vessel, quay and bright splash.",,Georges Méliès (underlying film/artwork),1902 film; reproduction/version date may differ,Public domain (Commons source declaration),No frame timestamps have been verified; source print or reproduction date may differ from the film's release.,return,film-stills/f13.jpg,[],"[""https://commons.wikimedia.org/wiki/File:M%C3%A9li%C3%A8s,_viaggio_nella_luna_(1902)_13.jpg""]","[""authentic reference"", ""monochrome or drawing""]"
A11,"Selenite riding the shell, handcoloured frame",film-still,Escape,Film reference,A Selenite clings to the shell exterior in a restored handcoloured source.,,Georges Méliès (underlying film/artwork),1902 film; reproduction/version date may differ,Public domain (Commons source declaration),"Source is a surviving/restored handcoloured print, not an invented game palette or simple grayscale tint.",escape,film-stills/a11.jpg,[],"[""https://commons.wikimedia.org/wiki/File:Trip_to_the_Moon_Selenite_on_Shell.jpg""]","[""authentic reference"", ""handcoloured print""]"
A12,"Commemorative statue, handcoloured frame",film-still,Celebration,Film reference,"Astronomer monument over a Moon-face, decorated plinth and celebrants.",,Georges Méliès (underlying film/artwork),1902 film; reproduction/version date may differ,Public domain (Commons source declaration),"Source is a surviving/restored handcoloured print, not an invented game palette or simple grayscale tint.",celebration,film-stills/a12.jpg,[],"[""https://commons.wikimedia.org/wiki/File:Trip_to_the_Moon_Statue_Color.jpg""]","[""authentic reference"", ""handcoloured print""]"
A13,"Workshop, handcoloured frame",film-still,Workshop,Film reference,"Riveted shell, workers, anvil, ladder and painted workshop framing.",,Georges Méliès (underlying film/artwork),1902 film; reproduction/version date may differ,Public domain (Commons source declaration),"Source is a surviving/restored handcoloured print, not an invented game palette or simple grayscale tint.",workshop,film-stills/a13.png,[],"[""https://commons.wikimedia.org/wiki/File:Trip_to_the_Moon_Workshop.png""]","[""authentic reference"", ""handcoloured print""]"
A14,Attributed preliminary Moon-eye poster sketch,historical-poster,Moon Approach,Historical drawing,Commons identifies this as a preliminary poster sketch by Méliès; catalogue date is retained as attributed.,,Georges Méliès (underlying film/artwork),1902 (Commons attribution),Public domain (Commons source declaration),Preliminary poster-sketch attribution is from Commons. Do not confuse this with the museum's separately dated 1937 recomposition.,moon-approach,film-stills/a14.jpg,[],"[""https://commons.wikimedia.org/wiki/File:Voyage_dans_la_Lune_affiche.jpg""]","[""authentic reference"", ""monochrome or drawing""]"
A15,Escape-cliff production photograph,production-still,Escape,Film reference,Uncropped production still exposes the scenic backdrop edge and studio floor.,,Georges Méliès (underlying film/artwork),1902 film; reproduction/version date may differ,Public domain (Commons source declaration),,escape,film-stills/a15.jpg,[],"[""https://commons.wikimedia.org/wiki/File:Voyage_dans_la_Lune_cliff_still.jpg""]","[""authentic reference"", ""monochrome or drawing""]"
A16,Moon-eye impact with cloud surround,film-still,Moon Approach,Film reference,Small alternate Moon-eye frame showing theatrical cloud framing.,,Georges Méliès (underlying film/artwork),1902 film; reproduction/version date may differ,Public domain (Commons source declaration),"Alternate crop or reproduction of a repeated film composition, not a separate unique scene.",moon-approach,film-stills/a16.jpg,[],"[""https://commons.wikimedia.org/wiki/File:Voyage_dans_la_lune_(1902)_still03.jpg""]","[""authentic reference"", ""monochrome or drawing""]"
A17,Star Film title-card reproduction,film-still,Titles,Film reference,Decorative title frame reproduced with the film; version-specific opening material.,,Georges Méliès (underlying film/artwork),1902 film; reproduction/version date may differ,Public domain (Commons source declaration),This source print's title card is not treated as proof of the exact card on every 1902 release.,titles,film-stills/a17.png,[],"[""https://commons.wikimedia.org/wiki/File:Voyage_dans_la_lune_title_card.png""]","[""authentic reference"", ""monochrome or drawing""]"
USER01,User's celestial dream reference,user-reference,Celestial Dream,Film reference,"User-supplied crop showing the Earth globe, crescent performer, ringed Saturn figure, sleeping travellers and painted rock wings.",,Georges Méliès (underlying film); supplied crop source not given,1902 film; crop date unknown,User-supplied reference; crop provenance unspecified,Closely matches the named planetary-dream production still A09; no claim that this crop is a separate film scene.,lunar-surface,film-stills/user01.png,"[""A09""]","[""https://commons.wikimedia.org/wiki/File:M%C3%A9li%C3%A8s_Trip_to_the_Moon_planets_still.jpg""]","[""user reference"", ""celestial tableau""]"
M01,Méliès: Moon-eye scene drawing,retrospective-art,Moon Approach,Institutional reference,Retrospective ink study of the eye-impact scene. MoMA object 946.1965; 23.7 × 33.9 cm.,,Georges Méliès,c.1930–31,Museum reproduction rights not cleared; source link only,Catalogue link retained; museum image pixels are not copied or represented as freely licensed.,moon-approach,,[],"[""https://www.moma.org/collection/works/38327""]","[""museum"", ""historical provenance""]"
M02,Méliès: lunar landing and Earth drawing,retrospective-art,Lunar Surface,Institutional reference,Retrospective ink study of the shell landing and Earth seen from the Moon. MoMA object 437.1974; 24.5 × 34.4 cm.,,Georges Méliès,c.1930–31,Museum reproduction rights not cleared; source link only,Catalogue link retained; museum image pixels are not copied or represented as freely licensed.,lunar-surface,,[],"[""https://www.moma.org/collection/works/36891""]","[""museum"", ""historical provenance""]"
M03,Méliès: celestial dream drawing,retrospective-art,Celestial Dream,Institutional reference,Retrospective dream-scene ink drawing. Its composition differs from the film still. MoMA object 945.1965; 24.3 × 34.3 cm.,,Georges Méliès,c.1930–31,Museum reproduction rights not cleared; source link only,Catalogue link retained; museum image pixels are not copied or represented as freely licensed.,celestial-dream,,[],"[""https://www.moma.org/collection/works/38324""]","[""museum"", ""historical provenance""]"
M04,Méliès: giant mushroom grotto drawing,retrospective-art,Mushroom Grotto,Institutional reference,Retrospective grotto-scene ink drawing. MoMA object 944.1965; 24.3 × 33.8 cm.,,Georges Méliès,c.1930–31,Museum reproduction rights not cleared; source link only,Catalogue link retained; museum image pixels are not copied or represented as freely licensed.,mushroom-grotto,,[],"[""https://www.moma.org/collection/works/38318""]","[""museum"", ""historical provenance""]"
M05,Surviving astronomer's embroidered mantle,museum-object,Observatory,Institutional reference,Surviving embroidered mantle worn by an astronomer. The museum distinguishes it from Barbenfouillis's near-identical lighter-bordered costume; height 133 cm.,,Original film costume; maker not specified on the museum page,1902,Museum reproduction rights not cleared; source link only,Catalogue link retained; museum image pixels are not copied or represented as freely licensed.,observatory,,[],"[""https://www.cinematheque.fr/objet/392.html""]","[""museum"", ""historical provenance""]"
M06,Méliès: Les Sélénites,retrospective-art,Selenite Court,Institutional reference,"Later ink-wash recomposition of two Selenites, made for the Cinémathèque; 28 × 35 cm. It is not automatically a 1902 costume plan.",,Georges Méliès,1937,Museum reproduction rights not cleared; source link only,Catalogue link retained; museum image pixels are not copied or represented as freely licensed.,selenite-court,,[],"[""https://www.cinematheque.fr/objet/400.html""]","[""museum"", ""historical provenance""]"
M07,Méliès: Moon-eye recomposition,retrospective-art,Moon Approach,Institutional reference,"Retrospective drawing commissioned by Henri Langlois; paper mounted on cardboard, 27 × 35 cm. The museum separately mentions a 1902 poster project and preparatory drawing.",,Georges Méliès,1937,Museum reproduction rights not cleared; source link only,Catalogue link retained; museum image pixels are not copied or represented as freely licensed.,moon-approach,,[],"[""https://www.cinematheque.fr/objet/1546.html""]","[""museum"", ""historical provenance""]"
M08,Labisse's Selenite reconstruction,museum-reconstruction,Historical Context,Institutional reference,Later red-painted cardboard reconstruction based on Méliès's 1937 drawing; 210 × 158 × 93 cm. It is not an original 1902 costume or evidence of the original costume's colour.,,Félix Labisse after Georges Méliès,1960,Museum reproduction rights not cleared; source link only,Catalogue link retained; museum image pixels are not copied or represented as freely licensed.,historical-context,,[],"[""https://www.cinematheque.fr/objet/1540.html""]","[""museum"", ""historical provenance""]"
M09,Labisse's Méliès centenary poster,historical-poster,Historical Context,Institutional reference,"Exhibition lithograph, 92 × 62 cm. This later homage mixes the Moon-face with imagery from Conquest of the Pole (1912), so it sits outside the core film-object references.",,Félix Labisse,1961,Museum reproduction rights not cleared; source link only,Catalogue link retained; museum image pixels are not copied or represented as freely licensed.,historical-context,,[],"[""https://www.cinematheque.fr/objet/1541.html""]","[""museum"", ""historical provenance""]"
O01,Pointed astronomers' hats,film-object,Observatory,Costume,Tall pale-edged pointed hats worn by the assembled astronomers.,Proposed: use the pointed outline as a readable astronomer sprite silhouette.,Georges Méliès film reference; game adaptation proposed,Observed in 1902 film imagery,Object description and game-use proposal; see referenced image's source record,Costume family; separate hat variants can share one silhouette basis.,observatory,,"[""F01""]","[""https://commons.wikimedia.org/wiki/File:M%C3%A9li%C3%A8s,_viaggio_nella_luna_(1902)_01.jpg""]","[""astronomers"", ""hat"", ""silhouette""]"
O02,Ceremonial astronomers' robes,film-object,Observatory,Costume,Long flowing robes worn by the astronomers in the lecture hall.,Proposed: create one shared robe sprite family for observatory characters.,Georges Méliès film reference; game adaptation proposed,Observed in 1902 film imagery,Object description and game-use proposal; see referenced image's source record,Observed costume shape; precise fabric and construction are not established.,observatory,,"[""F01""]","[""https://commons.wikimedia.org/wiki/File:M%C3%A9li%C3%A8s,_viaggio_nella_luna_(1902)_01.jpg""]","[""astronomers"", ""robe"", ""costume-family""]"
O03,Theatrical astronomer beards,film-object,Observatory,Costume,Large pale beards exaggerate the astronomers' faces and profiles.,Proposed: retain an oversized beard as a small-sprite identifying feature.,Georges Méliès film reference; game adaptation proposed,Observed in 1902 film imagery,Object description and game-use proposal; see referenced image's source record,Appearance is observed; no claim about beard fabrication.,observatory,,"[""F01""]","[""https://commons.wikimedia.org/wiki/File:M%C3%A9li%C3%A8s,_viaggio_nella_luna_(1902)_01.jpg""]","[""astronomers"", ""beard"", ""portrait""]"
O04,Ornate fluted hall columns,film-object,Observatory,Scenery,Tall fluted columns with elaborate capitals frame the astronomers' hall.,Proposed: repeat a column module around broad observatory rooms.,Georges Méliès film reference; game adaptation proposed,Observed in 1902 film imagery,Object description and game-use proposal; see referenced image's source record,Keep their theatrical proportions; the still does not establish the scenery's material.,observatory,,"[""F01""]","[""https://commons.wikimedia.org/wiki/File:M%C3%A9li%C3%A8s,_viaggio_nella_luna_(1902)_01.jpg""]","[""column"", ""hall"", ""architecture""]"
O05,Arched divided windows,film-object,Observatory,Scenery,High arched windows with divided panes stand along the hall walls.,Proposed: use pale window shapes against dark wall panels.,Georges Méliès film reference; game adaptation proposed,Observed in 1902 film imagery,Object description and game-use proposal; see referenced image's source record,Observed in the distant hall scenery.,observatory,,"[""F01""]","[""https://commons.wikimedia.org/wiki/File:M%C3%A9li%C3%A8s,_viaggio_nella_luna_(1902)_01.jpg""]","[""window"", ""arch"", ""backdrop""]"
O06,Astronomical journey blackboard,film-object,Observatory,Prop,A dark board at the left of the hall carries a pale circular astronomical or journey diagram.,Proposed: place a tutorial diagram on a film-shaped blackboard.,Georges Méliès film reference; game adaptation proposed,Observed in 1902 film imagery,Object description and game-use proposal; see referenced image's source record,The diagram is visible; its exact lettering cannot be read reliably in this still.,observatory,,"[""F01""]","[""https://commons.wikimedia.org/wiki/File:M%C3%A9li%C3%A8s,_viaggio_nella_luna_(1902)_01.jpg""]","[""blackboard"", ""diagram"", ""astronomy""]"
O07,Ringed astronomical instrument,film-object,Observatory,Prop,"A large instrument formed from crossing rings stands at the right of the hall, resembling an armillary sphere.",Proposed: use the ringed silhouette as a room landmark or interactive ornament.,Georges Méliès film reference; game adaptation proposed,Observed in 1902 film imagery,Object description and game-use proposal; see referenced image's source record,The ringed form is observed; identification as an armillary sphere is qualified.,observatory,,"[""F01""]","[""https://commons.wikimedia.org/wiki/File:M%C3%A9li%C3%A8s,_viaggio_nella_luna_(1902)_01.jpg""]","[""instrument"", ""rings"", ""astronomy""]"
O08,Lecture bench and balustrade,film-object,Observatory,Scenery,A curved bench or balustrade crosses the front of the lecture area.,Proposed: turn its outline into a low boundary around an open combat floor.,Georges Méliès film reference; game adaptation proposed,Observed in 1902 film imagery,Object description and game-use proposal; see referenced image's source record,Function is not definitively established by the still; the visible curved barrier is the reference.,observatory,,"[""F01""]","[""https://commons.wikimedia.org/wiki/File:M%C3%A9li%C3%A8s,_viaggio_nella_luna_(1902)_01.jpg""]","[""bench"", ""balustrade"", ""lecture-hall""]"
O09,Bullet-shaped travel capsule,film-object,Workshop,Prop,"A large bullet-shaped capsule has a cylindrical body, tapering nose and conspicuous rows of rivets.","Proposed: reuse the capsule throughout workshop, launch and lunar arrival scenes.",Georges Méliès film reference; game adaptation proposed,Observed in 1902 film imagery,Object description and game-use proposal; see referenced image's source record,The film's vehicle is a cannon-fired projectile; preserve its shape rather than adding modern rocket fins.,capsule,,"[""F02"", ""A13"", ""F04"", ""F07""]","[""https://commons.wikimedia.org/wiki/File:M%C3%A9li%C3%A8s,_viaggio_nella_luna_(1902)_02.jpg"", ""https://commons.wikimedia.org/wiki/File:Trip_to_the_Moon_Workshop.png"", ""https://commons.wikimedia.org/wiki/File:M%C3%A9li%C3%A8s,_viaggio_nella_luna_(1902)_04.jpg"", ""https://commons.wikimedia.org/wiki/File:M%C3%A9li%C3%A8s,_viaggio_nella_luna_(1902)_07.jpg""]","[""capsule"", ""projectile"", ""rivets"", ""shared-model""]"
O10,Circular capsule rear opening,film-object,Workshop,Prop,The capsule's broad circular rear face contains a smaller round opening or door.,Proposed: make the circular entry a checkpoint or level transition location.,Georges Méliès film reference; game adaptation proposed,Observed in 1902 film imagery,Object description and game-use proposal; see referenced image's source record,"A functional subassembly of O09, not a claim that a separate model is required.",capsule,,"[""F02"", ""A13"", ""F04"", ""A08""]","[""https://commons.wikimedia.org/wiki/File:M%C3%A9li%C3%A8s,_viaggio_nella_luna_(1902)_02.jpg"", ""https://commons.wikimedia.org/wiki/File:Trip_to_the_Moon_Workshop.png"", ""https://commons.wikimedia.org/wiki/File:M%C3%A9li%C3%A8s,_viaggio_nella_luna_(1902)_04.jpg"", ""https://commons.wikimedia.org/wiki/File:M%C3%A9li%C3%A8s_Trip_to_the_Moon_cannon_still.jpg""]","[""capsule"", ""door"", ""circle"", ""subassembly""]"
O11,Workshop hammer,film-object,Workshop,Prop,A worker at the left holds a hammer beside the workshop equipment.,Proposed: consider a period hammer silhouette for a short-range weapon.,Georges Méliès film reference; game adaptation proposed,Observed in 1902 film imagery,Object description and game-use proposal; see referenced image's source record,The weapon use is a game adaptation; the film reference is a worker's tool.,workshop,,"[""A13""]","[""https://commons.wikimedia.org/wiki/File:Trip_to_the_Moon_Workshop.png""]","[""hammer"", ""tool"", ""weapon-candidate""]"
O12,Anvil and pedestal,film-object,Workshop,Prop,A dark anvil rests on a tall chunky pedestal in the foreground.,Proposed: reuse this compact prop as workshop dressing and an obstacle.,Georges Méliès film reference; game adaptation proposed,Observed in 1902 film imagery,Object description and game-use proposal; see referenced image's source record,Treat the anvil and its support as one assembled prop.,workshop,,"[""A13""]","[""https://commons.wikimedia.org/wiki/File:Trip_to_the_Moon_Workshop.png""]","[""anvil"", ""tool"", ""foreground""]"
O13,Simple workshop bench,film-object,Workshop,Prop,A simple plank-shaped workbench stands among the people and tools.,Proposed: use a shared bench prop for breakable workshop scenery.,Georges Méliès film reference; game adaptation proposed,Observed in 1902 film imagery,Object description and game-use proposal; see referenced image's source record,Visible form is the reference; no specific wood species is established.,workshop,,"[""F02"", ""A13""]","[""https://commons.wikimedia.org/wiki/File:M%C3%A9li%C3%A8s,_viaggio_nella_luna_(1902)_02.jpg"", ""https://commons.wikimedia.org/wiki/File:Trip_to_the_Moon_Workshop.png""]","[""bench"", ""workshop"", ""breakable-candidate""]"
O14,Tall workshop ladder,film-object,Workshop,Prop,A tall ladder leans behind the capsule near the right side of the workshop.,Proposed: repeat it as background dressing and a visual height cue.,Georges Méliès film reference; game adaptation proposed,Observed in 1902 film imagery,Object description and game-use proposal; see referenced image's source record,Keep it off the required movement path unless a traversable mechanic is separately designed.,workshop,,"[""A13""]","[""https://commons.wikimedia.org/wiki/File:Trip_to_the_Moon_Workshop.png""]","[""ladder"", ""workshop"", ""height""]"
O15,Geometric workshop roof backdrop,film-object,Workshop,Scenery,Repeated diagonal roof and truss lines recede behind the capsule in a large bright workshop opening.,Proposed: build repeated painted industrial background panels from these lines.,Georges Méliès film reference; game adaptation proposed,Observed in 1902 film imagery,Object description and game-use proposal; see referenced image's source record,Observed graphic geometry; no inference about structural materials is needed.,workshop,,"[""F02"", ""A13""]","[""https://commons.wikimedia.org/wiki/File:M%C3%A9li%C3%A8s,_viaggio_nella_luna_(1902)_02.jpg"", ""https://commons.wikimedia.org/wiki/File:Trip_to_the_Moon_Workshop.png""]","[""truss"", ""roof"", ""painted-perspective""]"
O16,Workshop masonry wall scenery,film-object,Workshop,Scenery,The workshop's side wall is divided into visible masonry-like blocks.,Proposed: reuse the block pattern across Earth-side interiors.,Georges Méliès film reference; game adaptation proposed,Observed in 1902 film imagery,Object description and game-use proposal; see referenced image's source record,Masonry-like appearance is observed; actual construction is not established.,workshop,,"[""A13""]","[""https://commons.wikimedia.org/wiki/File:Trip_to_the_Moon_Workshop.png""]","[""wall"", ""masonry-pattern"", ""earth-side""]"
O17,Rectangular workshop window,film-object,Workshop,Scenery,A tall rectangular window with divided panes and a sill stands at the right of the workshop.,Proposed: use it as a repeated Earth-side interior module.,Georges Méliès film reference; game adaptation proposed,Observed in 1902 film imagery,Object description and game-use proposal; see referenced image's source record,"Unlike O05, this workshop window has a rectangular outline.",workshop,,"[""A13""]","[""https://commons.wikimedia.org/wiki/File:Trip_to_the_Moon_Workshop.png""]","[""window"", ""workshop"", ""panes""]"
O18,"Workers' shirts, aprons and low caps",film-object,Workshop,Costume,"The workers wear loose shirts, some aprons, and low caps around the capsule.",Proposed: create one reusable workshop worker costume family.,Georges Méliès film reference; game adaptation proposed,Observed in 1902 film imagery,Object description and game-use proposal; see referenced image's source record,A complete costume family rather than separate database rows for every clothing part.,workshop,,"[""F02"", ""A13""]","[""https://commons.wikimedia.org/wiki/File:M%C3%A9li%C3%A8s,_viaggio_nella_luna_(1902)_02.jpg"", ""https://commons.wikimedia.org/wiki/File:Trip_to_the_Moon_Workshop.png""]","[""worker"", ""apron"", ""cap"", ""costume-family""]"
O19,Expedition coats and hats,film-object,Workshop,Costume,The explorers appear in formal coats with tall or broad hats after the observatory ceremony.,Proposed: use this expedition costume family for the playable explorer and companions.,Georges Méliès film reference; game adaptation proposed,Observed in 1902 film imagery,Object description and game-use proposal; see referenced image's source record,Keep the recognizably period expedition silhouette.,expedition,,"[""A13"", ""F07""]","[""https://commons.wikimedia.org/wiki/File:Trip_to_the_Moon_Workshop.png"", ""https://commons.wikimedia.org/wiki/File:M%C3%A9li%C3%A8s,_viaggio_nella_luna_(1902)_07.jpg""]","[""explorer"", ""coat"", ""hat"", ""costume-family""]"
O20,Folded long umbrella,film-object,Workshop,Prop,An explorer holds a long folded umbrella with a hooked handle in the workshop foreground.,Proposed: develop a film-linked short-range melee weapon from the umbrella silhouette.,Georges Méliès film reference; game adaptation proposed,Observed in 1902 film imagery,Object description and game-use proposal; see referenced image's source record,The melee proposal is separate from this still's observed carried object.,expedition,,"[""A13""]","[""https://commons.wikimedia.org/wiki/File:Trip_to_the_Moon_Workshop.png""]","[""umbrella"", ""hooked-handle"", ""weapon-candidate""]"
O21,Rooftop telescope and tripod,film-object,Rooftops,Prop,A long telescope mounted on a tripod is operated from a rooftop platform.,Proposed: use the telescope as an observatory-to-launch landmark.,Georges Méliès film reference; game adaptation proposed,Observed in 1902 film imagery,Object description and game-use proposal; see referenced image's source record,The telescope and mount form one assembled prop.,rooftops,,"[""F03""]","[""https://commons.wikimedia.org/wiki/File:M%C3%A9li%C3%A8s,_viaggio_nella_luna_(1902)_03.jpg""]","[""telescope"", ""tripod"", ""astronomy""]"
O22,Lattice rooftop tower,film-object,Rooftops,Scenery,A tall open tower with crossed lattice braces rises beside the rooftop observer.,Proposed: repeat a truss tower silhouette in the industrial skyline.,Georges Méliès film reference; game adaptation proposed,Observed in 1902 film imagery,Object description and game-use proposal; see referenced image's source record,The braced form is visible; exact structural material is not established.,rooftops,,"[""F03""]","[""https://commons.wikimedia.org/wiki/File:M%C3%A9li%C3%A8s,_viaggio_nella_luna_(1902)_03.jpg""]","[""tower"", ""lattice"", ""skyline""]"
O23,Ornamental rooftop railing,film-object,Rooftops,Scenery,A pale railing filled with repeated geometric openwork borders the rooftop platform.,Proposed: use the repeated railing pattern to mark navigable platform edges.,Georges Méliès film reference; game adaptation proposed,Observed in 1902 film imagery,Object description and game-use proposal; see referenced image's source record,Retain the pattern without assuming a particular metal or casting technique.,rooftops,,"[""F03""]","[""https://commons.wikimedia.org/wiki/File:M%C3%A9li%C3%A8s,_viaggio_nella_luna_(1902)_03.jpg""]","[""railing"", ""geometry"", ""edge""]"
O24,Tiled rooftops and dormers,film-object,Rooftops,Scenery,Overlapping sloped roof planes have tile patterns and small gable or dormer forms.,Proposed: create a shared Earth-side roof kit for regular and optional routes.,Georges Méliès film reference; game adaptation proposed,Observed in 1902 film imagery,Object description and game-use proposal; see referenced image's source record,Scenery family; tile and gable shapes can reuse the same underlying pieces.,rooftops,,"[""F03"", ""A08""]","[""https://commons.wikimedia.org/wiki/File:M%C3%A9li%C3%A8s,_viaggio_nella_luna_(1902)_03.jpg"", ""https://commons.wikimedia.org/wiki/File:M%C3%A9li%C3%A8s_Trip_to_the_Moon_cannon_still.jpg""]","[""roof"", ""tiles"", ""dormer"", ""shared-kit""]"
O25,Industrial chimney skyline,film-object,Rooftops,Scenery,Numerous thin and broad chimney shapes stand above the distant industrial rooftops.,Proposed: use layered chimney silhouettes as a painted background.,Georges Méliès film reference; game adaptation proposed,Observed in 1902 film imagery,Object description and game-use proposal; see referenced image's source record,The still establishes the skyline shapes rather than navigable distant buildings.,rooftops,,"[""F03""]","[""https://commons.wikimedia.org/wiki/File:M%C3%A9li%C3%A8s,_viaggio_nella_luna_(1902)_03.jpg""]","[""chimney"", ""industrial"", ""skyline""]"
O26,Bright chimney smoke plumes,film-object,Rooftops,Effect,Bright pale smoke plumes rise above the chimneys against the darker skyline.,Proposed: study these plume shapes for square-particle smoke effects.,Georges Méliès film reference; game adaptation proposed,Observed in 1902 film imagery,Object description and game-use proposal; see referenced image's source record,Plume appearance is observed in a still; no animation timing is inferred.,earth-effects,,"[""F03""]","[""https://commons.wikimedia.org/wiki/File:M%C3%A9li%C3%A8s,_viaggio_nella_luna_(1902)_03.jpg""]","[""smoke"", ""chimney"", ""plume"", ""pixel-effect""]"
O27,Enormous launch cannon,film-object,Launch,Prop,An enormous cannon has a wide ringed rear section and a long projecting barrel.,Proposed: make the cannon the main launch landmark and level exit.,Georges Méliès film reference; game adaptation proposed,Observed in 1902 film imagery,Object description and game-use proposal; see referenced image's source record,The cannon is visually distinct from the capsule loaded into it.,launch,,"[""F04"", ""F05"", ""A08""]","[""https://commons.wikimedia.org/wiki/File:M%C3%A9li%C3%A8s,_viaggio_nella_luna_(1902)_04.jpg"", ""https://commons.wikimedia.org/wiki/File:M%C3%A9li%C3%A8s,_viaggio_nella_luna_(1902)_05.jpg"", ""https://commons.wikimedia.org/wiki/File:M%C3%A9li%C3%A8s_Trip_to_the_Moon_cannon_still.jpg""]","[""cannon"", ""launch"", ""landmark""]"
O28,Raised loading platform and steps,film-object,Launch,Scenery,A raised loading platform with steps allows people to reach the cannon.,Proposed: adapt its layout into broad connected combat platforms.,Georges Méliès film reference; game adaptation proposed,Observed in 1902 film imagery,Object description and game-use proposal; see referenced image's source record,Required routes should accommodate the base dash; exact film platform dimensions are not known.,launch,,"[""F05"", ""A08""]","[""https://commons.wikimedia.org/wiki/File:M%C3%A9li%C3%A8s,_viaggio_nella_luna_(1902)_05.jpg"", ""https://commons.wikimedia.org/wiki/File:M%C3%A9li%C3%A8s_Trip_to_the_Moon_cannon_still.jpg""]","[""platform"", ""steps"", ""loading""]"
O29,Cross-braced loading railings,film-object,Launch,Scenery,Straight rails and diagonal crossed braces enclose the loading platforms.,Proposed: reuse a loading-gantry railing module around regular and optional launch spaces.,Georges Méliès film reference; game adaptation proposed,Observed in 1902 film imagery,Object description and game-use proposal; see referenced image's source record,Cross-braced visible shape is the reference; construction material is not asserted.,launch,,"[""A08""]","[""https://commons.wikimedia.org/wiki/File:M%C3%A9li%C3%A8s_Trip_to_the_Moon_cannon_still.jpg""]","[""railing"", ""gantry"", ""cross-brace"", ""shared-kit""]"
O30,Launch officer's uniform,film-object,Launch,Costume,"An officer wears a dark buttoned military coat, a cap and prominent shoulder ornaments.",Proposed: use this uniform for a launch marshal NPC.,Georges Méliès film reference; game adaptation proposed,Observed in 1902 film imagery,Object description and game-use proposal; see referenced image's source record,Observed costume; no precise military branch or rank is assigned.,launch,,"[""F05"", ""A08""]","[""https://commons.wikimedia.org/wiki/File:M%C3%A9li%C3%A8s,_viaggio_nella_luna_(1902)_05.jpg"", ""https://commons.wikimedia.org/wiki/File:M%C3%A9li%C3%A8s_Trip_to_the_Moon_cannon_still.jpg""]","[""officer"", ""uniform"", ""launch-crew""]"
O31,Sailor-style launch attendants,film-object,Launch,Costume,"The attendants wear flat hats, pale outfits with striped fronts and short trousers.",Proposed: create a reusable period launch-crew costume family.,Georges Méliès film reference; game adaptation proposed,Observed in 1902 film imagery,Object description and game-use proposal; see referenced image's source record,A whole costume family; the theatrical sailor styling is the observed reference.,launch,,"[""F04"", ""F05"", ""A08""]","[""https://commons.wikimedia.org/wiki/File:M%C3%A9li%C3%A8s,_viaggio_nella_luna_(1902)_04.jpg"", ""https://commons.wikimedia.org/wiki/File:M%C3%A9li%C3%A8s,_viaggio_nella_luna_(1902)_05.jpg"", ""https://commons.wikimedia.org/wiki/File:M%C3%A9li%C3%A8s_Trip_to_the_Moon_cannon_still.jpg""]","[""attendant"", ""sailor-style"", ""striped-top"", ""costume-family""]"
O32,Human-faced Moon,film-object,Moon Approach,Character,A bright circular Moon contains an actor's expressive human face and crater-like surrounding marks.,"Proposed: preserve this identity for the Man in the Moon, the Act 1 final boss.",Georges Méliès film reference; game adaptation proposed,Observed in 1902 film imagery,Object description and game-use proposal; see referenced image's source record,F06 shows the Moon before impact and does not by itself verify a capsule in the eye.,moon-face,,"[""F06""]","[""https://commons.wikimedia.org/wiki/File:M%C3%A9li%C3%A8s,_viaggio_nella_luna_(1902)_06.jpg""]","[""moon"", ""human-face"", ""boss-candidate"", ""act-one""]"
O33,Cloud border around black space,film-object,Moon Approach,Scenery,Irregular pale cloud shapes frame a dark central sky around the Moon.,Proposed: use the cloud border for a brief launch-to-arrival transition tableau.,Georges Méliès film reference; game adaptation proposed,Observed in 1902 film imagery,Object description and game-use proposal; see referenced image's source record,The observed element is a framing shape; no cloud physics is inferred.,celestial,,"[""F06""]","[""https://commons.wikimedia.org/wiki/File:M%C3%A9li%C3%A8s,_viaggio_nella_luna_(1902)_06.jpg""]","[""cloud"", ""border"", ""black-sky"", ""tableau""]"
O34,Jagged painted lunar rocks,film-object,Lunar Surface,Scenery,Tall jagged lunar rock scenery has angular profiles and broad pale painted highlights.,Proposed: make this the core reusable lunar rock kit for main and optional areas.,Georges Méliès film reference; game adaptation proposed,Observed in 1902 film imagery,Object description and game-use proposal; see referenced image's source record,Painted appearance and angular silhouettes are observed; no paper-mache or other construction material is claimed.,lunar-rocks,,"[""F07"", ""A10"", ""USER01"", ""A09""]","[""https://commons.wikimedia.org/wiki/File:M%C3%A9li%C3%A8s,_viaggio_nella_luna_(1902)_07.jpg"", ""https://commons.wikimedia.org/wiki/File:M%C3%A9li%C3%A8s_Trip_to_the_Moon_stars_still.jpg"", ""https://commons.wikimedia.org/wiki/File:M%C3%A9li%C3%A8s_Trip_to_the_Moon_planets_still.jpg""]","[""lunar-rock"", ""painted-highlight"", ""angular"", ""shared-kit""]"
O35,Crater-ring lunar ground scenery,film-object,Lunar Surface,Scenery,"Sloping lunar ground scenery is covered in overlapping crater rings, ridges and alternating dark and pale marks.",Proposed: derive repeatable floor and backdrop patterns from these irregular rings.,Georges Méliès film reference; game adaptation proposed,Observed in 1902 film imagery,Object description and game-use proposal; see referenced image's source record,The visible graphic language is the reference; do not substitute naturalistic planetary terrain automatically.,lunar-ground,,"[""F07"", ""A10"", ""USER01"", ""A09""]","[""https://commons.wikimedia.org/wiki/File:M%C3%A9li%C3%A8s,_viaggio_nella_luna_(1902)_07.jpg"", ""https://commons.wikimedia.org/wiki/File:M%C3%A9li%C3%A8s_Trip_to_the_Moon_stars_still.jpg"", ""https://commons.wikimedia.org/wiki/File:M%C3%A9li%C3%A8s_Trip_to_the_Moon_planets_still.jpg""]","[""crater"", ""ground"", ""rings"", ""painted-scenery""]"
O36,Landed capsule scene state,film-object,Lunar Surface,Prop,"The capsule sits at an angle partly lodged among the lunar rock scenery, with explorers emerging beside it.",Proposed: reuse O09 in a tilted arrival state as a lunar checkpoint landmark.,Georges Méliès film reference; game adaptation proposed,Observed in 1902 film imagery,Object description and game-use proposal; see referenced image's source record,Explicit scene-state variant of O09; do not count this as a new production model.,capsule,,"[""F07""]","[""https://commons.wikimedia.org/wiki/File:M%C3%A9li%C3%A8s,_viaggio_nella_luna_(1902)_07.jpg""]","[""capsule"", ""arrival"", ""variant"", ""reuses-O09""]"
O37,Earth globe with continents,film-object,Celestial Dream,Prop,A large circular Earth globe with painted continent shapes hangs above the lunar landscape.,Proposed: reuse the globe as a celestial backdrop landmark across lunar rooms.,Georges Méliès film reference; game adaptation proposed,Observed in 1902 film imagery,Object description and game-use proposal; see referenced image's source record,Observed globe form; exact geographical accuracy is not asserted.,celestial,,"[""A10"", ""USER01"", ""A09""]","[""https://commons.wikimedia.org/wiki/File:M%C3%A9li%C3%A8s_Trip_to_the_Moon_stars_still.jpg"", ""https://commons.wikimedia.org/wiki/File:M%C3%A9li%C3%A8s_Trip_to_the_Moon_planets_still.jpg""]","[""earth"", ""globe"", ""continents"", ""celestial""]"
O38,Sleeping expedition tableau,film-object,Celestial Dream,Character,"The explorers lie across the foreground under loose blankets, retaining their hats and exaggerated beards.",Proposed: use the expedition tableau to frame a rest checkpoint.,Georges Méliès film reference; game adaptation proposed,Observed in 1902 film imagery,Object description and game-use proposal; see referenced image's source record,"Treat the sleepers and blankets as a staged scene arrangement, not additional combat behavior from the film.",expedition,,"[""A10"", ""USER01"", ""A09""]","[""https://commons.wikimedia.org/wiki/File:M%C3%A9li%C3%A8s_Trip_to_the_Moon_stars_still.jpg"", ""https://commons.wikimedia.org/wiki/File:M%C3%A9li%C3%A8s_Trip_to_the_Moon_planets_still.jpg""]","[""sleepers"", ""blanket"", ""expedition"", ""tableau""]"
O39,Seven human-faced stars,film-object,Celestial Dream,Character,Seven pale star shapes containing human faces appear above the sleeping explorers.,Proposed: make a celestial audience from reusable face-in-star figures.,Georges Méliès film reference; game adaptation proposed,Observed in 1902 film imagery,Object description and game-use proposal; see referenced image's source record,The count is verified in the named stars production still; this arrangement is separate from the planetary dream tableau.,celestial,,"[""A10""]","[""https://commons.wikimedia.org/wiki/File:M%C3%A9li%C3%A8s_Trip_to_the_Moon_stars_still.jpg""]","[""star"", ""human-face"", ""celestial-audience"", ""seven""]"
O40,Woman and upward crescent,film-object,Celestial Dream,Character,A pale-robed woman poses against a large upward-pointing crescent above the sleeping travelers.,Proposed: use the woman-and-crescent silhouette as a celestial court figure.,Georges Méliès film reference; game adaptation proposed,Observed in 1902 film imagery,Object description and game-use proposal; see referenced image's source record,A composite theatrical figure; proposed game role is not film canon.,celestial,,"[""USER01"", ""A09""]","[""https://commons.wikimedia.org/wiki/File:M%C3%A9li%C3%A8s_Trip_to_the_Moon_planets_still.jpg""]","[""crescent"", ""woman"", ""robe"", ""celestial-figure""]"
O41,Ringed planet and bearded figure,film-object,Celestial Dream,Character,A Saturn-like ringed sphere frames a seated bearded figure above the lunar landscape.,Proposed: retain the ringed sphere and performer together as a celestial dream landmark.,Georges Méliès film reference; game adaptation proposed,Observed in 1902 film imagery,Object description and game-use proposal; see referenced image's source record,Saturn-like identification describes the ringed visual form; preserve the visible actor-and-planet composition.,celestial,,"[""USER01"", ""A09""]","[""https://commons.wikimedia.org/wiki/File:M%C3%A9li%C3%A8s_Trip_to_the_Moon_planets_still.jpg""]","[""ringed-planet"", ""saturn-like"", ""bearded-figure"", ""celestial""]"
O42,Robed figure beneath the globe,film-object,Celestial Dream,Character,A robed figure stands beneath the large globe at the left of the planetary dream tableau.,Proposed: add this figure to an optional celestial room while reusing the lunar scenery and globe.,Georges Méliès film reference; game adaptation proposed,Observed in 1902 film imagery,Object description and game-use proposal; see referenced image's source record,The figure is visually observed; a specific mythological identity is not assigned from the still alone.,celestial,,"[""USER01"", ""A09""]","[""https://commons.wikimedia.org/wiki/File:M%C3%A9li%C3%A8s_Trip_to_the_Moon_planets_still.jpg""]","[""robed-figure"", ""globe"", ""celestial-tableau"", ""optional-addition""]"
O43,Giant umbrella-cap mushroom,film-object,Mushroom Grotto,Scenery,"An oversized shallow mushroom cap sits on a long, narrow stalk among the grotto rocks.","Proposal: use the cap-and-stalk silhouette as a cover landmark beside an open dash floor. Add reachable hanging spore clusters to an interactive game variant; striking a cluster makes spores fall around the mushroom and temporarily repel nearby regular enemies. This interaction is a user-confirmed game rule, not an observed film action.",Georges Méliès film reference; game adaptation proposed,Observed in 1902 film imagery,Object description and game-use proposal; see referenced image's source record,"The still establishes appearance and scale, not the growth animation or a biological species.",mushroom-grotto,,"[""F09""]","[""https://commons.wikimedia.org/wiki/File:M%C3%A9li%C3%A8s,_viaggio_nella_luna_(1902)_09.jpg""]","[""mushroom"", ""large-prop"", ""silhouette"", ""cover""]"
O44,Low mushroom cluster,film-object,Mushroom Grotto,Scenery,"Several low, rounded mushroom caps appear at different sizes near the foreground and rock shelves.",Proposal: group a small shared set of caps into readable edge dressing or low blockers.,Georges Méliès film reference; game adaptation proposed,Observed in 1902 film imagery,Object description and game-use proposal; see referenced image's source record,Keep this clustered form distinct from the tall landmark mushroom; the film does not establish a pickup function.,mushroom-grotto,,"[""F09""]","[""https://commons.wikimedia.org/wiki/File:M%C3%A9li%C3%A8s,_viaggio_nella_luna_(1902)_09.jpg""]","[""mushroom"", ""cluster"", ""foreground"", ""modular""]"
O45,Porous grotto foreground forms,film-object,Mushroom Grotto,Scenery,Rounded foreground forms have a conspicuous dark cellular or honeycomb pattern.,Proposal: reuse the porous pattern on a few fungal scenery pieces along the arena edges.,Georges Méliès film reference; game adaptation proposed,Observed in 1902 film imagery,Object description and game-use proposal; see referenced image's source record,The entry names the visible pattern rather than asserting an exact fungus or coral species.,mushroom-grotto,,"[""F09""]","[""https://commons.wikimedia.org/wiki/File:M%C3%A9li%C3%A8s,_viaggio_nella_luna_(1902)_09.jpg""]","[""porous"", ""pattern"", ""foreground"", ""fungal""]"
O46,Fallen trunk crossing,film-object,Mushroom Grotto,Scenery,"A long, irregular trunk-like form stretches horizontally across the grotto foreground.",Proposal: use the trunk as a threshold or broad crossing motif with enough landing space for the normal dash.,Georges Méliès film reference; game adaptation proposed,Observed in 1902 film imagery,Object description and game-use proposal; see referenced image's source record,Its game collision width is a design proposal; do not derive a narrow precision platform from the film image.,mushroom-grotto,,"[""F09""]","[""https://commons.wikimedia.org/wiki/File:M%C3%A9li%C3%A8s,_viaggio_nella_luna_(1902)_09.jpg""]","[""trunk"", ""crossing"", ""foreground"", ""threshold""]"
O47,Pointed grotto ceiling,film-object,Mushroom Grotto,Scenery,An irregular overhanging rock silhouette with downward points frames the upper part of the cave.,Proposal: build shared upper and side scenery flats from this silhouette and keep them clear of combat warnings.,Georges Méliès film reference; game adaptation proposed,Observed in 1902 film imagery,Object description and game-use proposal; see referenced image's source record,Visual reference only; this entry does not establish the original set's construction materials.,mushroom-grotto,,"[""F09""]","[""https://commons.wikimedia.org/wiki/File:M%C3%A9li%C3%A8s,_viaggio_nella_luna_(1902)_09.jpg""]","[""ceiling"", ""rock"", ""stage-border"", ""silhouette""]"
O48,Grotto rock shelves,film-object,Mushroom Grotto,Scenery,Uneven horizontal rock shelves step into the grotto background between the mushrooms.,Proposal: layer shelf sprites behind a flat playable floor to suggest depth without adding mandatory precision climbing.,Georges Méliès film reference; game adaptation proposed,Observed in 1902 film imagery,Object description and game-use proposal; see referenced image's source record,Distinct from the exposed lunar crater floor: these shelves belong to the enclosed grotto composition.,mushroom-grotto,,"[""F09""]","[""https://commons.wikimedia.org/wiki/File:M%C3%A9li%C3%A8s,_viaggio_nella_luna_(1902)_09.jpg""]","[""rock"", ""shelf"", ""layered-depth"", ""backdrop""]"
O49,Rib-banded Selenite costume,film-object,Selenite Court,Costume,The standing Selenites have humanoid bodies with repeated pale bands across their dark torsos.,Proposal: retain the biped body and pale rib pattern in the enemy sprite instead of using a crawling beetle body.,Georges Méliès film reference; game adaptation proposed,Observed in 1902 film imagery,Object description and game-use proposal; see referenced image's source record,The film frame supports the visible costume pattern. The 1960 Labisse reconstruction is separate evidence and does not establish 1902 materials.,selenite-court,,"[""F10""]","[""https://commons.wikimedia.org/wiki/File:M%C3%A9li%C3%A8s,_viaggio_nella_luna_(1902)_10.jpg""]","[""selenite"", ""biped"", ""rib-pattern"", ""costume""]"
O50,Selenite projecting headpiece,film-object,Selenite Court,Costume,Selenite heads have conspicuous projecting points or antenna-like elements above the humanoid costume.,Proposal: use two or three large head projections as a readable pixel silhouette for the enemy family.,Georges Méliès film reference; game adaptation proposed,Observed in 1902 film imagery,Object description and game-use proposal; see referenced image's source record,Exact mask details are limited by the still resolution; consult the film before producing a faithful costume reconstruction.,selenite-court,,"[""F10"", ""F12""]","[""https://commons.wikimedia.org/wiki/File:M%C3%A9li%C3%A8s,_viaggio_nella_luna_(1902)_10.jpg"", ""https://commons.wikimedia.org/wiki/File:M%C3%A9li%C3%A8s,_viaggio_nella_luna_(1902)_12.jpg""]","[""selenite"", ""headpiece"", ""antenna"", ""silhouette""]"
O51,Oversized arrowhead spear,film-object,Selenite Court,Prop,"Several long upright shafts end in bright, oversized triangular spearheads.",Proposal: preserve the exaggerated arrowhead to make a guard's close-range attack direction visible during its windup.,Georges Méliès film reference; game adaptation proposed,Observed in 1902 film imagery,Object description and game-use proposal; see referenced image's source record,"Enemy attack timing and reach are game proposals, not inferred from the still.",selenite-court,,"[""F10""]","[""https://commons.wikimedia.org/wiki/File:M%C3%A9li%C3%A8s,_viaggio_nella_luna_(1902)_10.jpg""]","[""spear"", ""guard"", ""triangle"", ""weapon-prop""]"
O52,Seated Selenite royal figure,film-object,Selenite Court,Character,"A conspicuous costumed figure sits in the royal area at the left of the court tableau, with an exaggerated head silhouette.",Proposal: use the theatrical seated figure as the reference for the earlier Selenite King boss.,Georges Méliès film reference; game adaptation proposed,Observed in 1902 film imagery,Object description and game-use proposal; see referenced image's source record,The game's King encounter is an adaptation; the still does not define a boss combat pattern.,selenite-court,,"[""F10""]","[""https://commons.wikimedia.org/wiki/File:M%C3%A9li%C3%A8s,_viaggio_nella_luna_(1902)_10.jpg""]","[""selenite"", ""royalty"", ""seated"", ""boss-reference""]"
O53,Low royal seat and base,film-object,Selenite Court,Prop,The royal figure is seated above a low decorated base at the left side of the court tableau.,"Proposal: place a compact throne landmark at the edge of a broad court arena, leaving the dash floor open.",Georges Méliès film reference; game adaptation proposed,Observed in 1902 film imagery,Object description and game-use proposal; see referenced image's source record,"The frame gives the silhouette and placement; exact joinery, dimensions, and materials are unverified.",selenite-court,,"[""F10""]","[""https://commons.wikimedia.org/wiki/File:M%C3%A9li%C3%A8s,_viaggio_nella_luna_(1902)_10.jpg""]","[""throne"", ""base"", ""royalty"", ""landmark""]"
O54,Radiant circular court roundel,film-object,Selenite Court,Scenery,A large circular ornament with long radial rays and a star-like centre stands behind the royal side of the tableau.,Proposal: use the radial roundel as a bold court backdrop motif and reuse smaller versions on optional-room scenery.,Georges Méliès film reference; game adaptation proposed,Observed in 1902 film imagery,Object description and game-use proposal; see referenced image's source record,Described as a visual ornament; this entry does not assign an astronomical or religious identity to it.,selenite-court,,"[""F10""]","[""https://commons.wikimedia.org/wiki/File:M%C3%A9li%C3%A8s,_viaggio_nella_luna_(1902)_10.jpg""]","[""roundel"", ""radial"", ""star"", ""court-ornament""]"
O55,Crescent-topped court column,film-object,Selenite Court,Scenery,A tall decorated vertical support is crowned by a large crescent silhouette.,Proposal: use a shared crescent-column asset to mark court boundaries and entrances.,Georges Méliès film reference; game adaptation proposed,Observed in 1902 film imagery,Object description and game-use proposal; see referenced image's source record,The crescent is an observed motif; making the column destructible or interactive would be a separate proposal.,selenite-court,,"[""F10""]","[""https://commons.wikimedia.org/wiki/File:M%C3%A9li%C3%A8s,_viaggio_nella_luna_(1902)_10.jpg""]","[""column"", ""crescent"", ""boundary"", ""modular""]"
O56,Curtained ornamental court arch,film-object,Selenite Court,Scenery,A large rounded ornamental opening at the right of the court contains gathered dark drapery.,Proposal: reuse the arch and curtain as the doorway frame for regular and optional court rooms.,Georges Méliès film reference; game adaptation proposed,Observed in 1902 film imagery,Object description and game-use proposal; see referenced image's source record,The image supports drapery and the rounded frame; do not turn it into Gothic pointed masonry by default.,selenite-court,,"[""F10""]","[""https://commons.wikimedia.org/wiki/File:M%C3%A9li%C3%A8s,_viaggio_nella_luna_(1902)_10.jpg""]","[""arch"", ""curtain"", ""doorway"", ""stage-flat""]"
O57,Curling court ornament panels,film-object,Selenite Court,Scenery,"The court backdrop contains dense curving, curling, and repeated ornamental lines.",Proposal: build a small set of painted ornamental panels that can be rearranged around multiple arenas.,Georges Méliès film reference; game adaptation proposed,Observed in 1902 film imagery,Object description and game-use proposal; see referenced image's source record,Use broad readable curves at game scale; tiny ornament need not be reproduced literally.,selenite-court,,"[""F10""]","[""https://commons.wikimedia.org/wiki/File:M%C3%A9li%C3%A8s,_viaggio_nella_luna_(1902)_10.jpg""]","[""ornament"", ""curl"", ""panel"", ""painted-backdrop""]"
O58,Dense white disappearance puff,film-object,Escape,Effect,A bright dense cloud occupies the centre of the lunar exterior frame and obscures the area behind it.,Proposal: interpret the white puff as square smoke particles that accompany an enemy defeat while keeping the floor readable.,Georges Méliès film reference; game adaptation proposed,Observed in 1902 film imagery,Object description and game-use proposal; see referenced image's source record,"The still verifies the puff's visible appearance, not animation timing, duration, cause, or the exact instant of disappearance.",escape,,"[""F11""]","[""https://commons.wikimedia.org/wiki/File:M%C3%A9li%C3%A8s,_viaggio_nella_luna_(1902)_11.jpg""]","[""smoke"", ""white-puff"", ""effect"", ""defeat-adaptation""]"
O59,Projecting escape ledge,film-object,Escape,Scenery,An irregular rock lip projects over an open void beneath the angled capsule.,"Proposal: use the overhang silhouette at an exit or cinematic boundary, with a generous playable approach.",Georges Méliès film reference; game adaptation proposed,Observed in 1902 film imagery,Object description and game-use proposal; see referenced image's source record,A fatal drop or dash puzzle is not established by the frame and must be designed separately.,escape,,"[""F12""]","[""https://commons.wikimedia.org/wiki/File:M%C3%A9li%C3%A8s,_viaggio_nella_luna_(1902)_12.jpg""]","[""ledge"", ""overhang"", ""void"", ""exit""]"
O60,Hanging escape cord,film-object,Escape,Prop,A thin cord-like line hangs downward below the capsule and rock edge.,Proposal: add the cord to an escape vignette built from the existing capsule and rock assets.,Georges Méliès film reference; game adaptation proposed,Observed in 1902 film imagery,Object description and game-use proposal; see referenced image's source record,The still alone does not verify a rope-pulling sequence or physics behaviour.,escape,,"[""F12""]","[""https://commons.wikimedia.org/wiki/File:M%C3%A9li%C3%A8s,_viaggio_nella_luna_(1902)_12.jpg""]","[""cord"", ""rope-like"", ""escape"", ""small-addition""]"
O61,Capsule-clinging Selenite pose,film-object,Escape,Character,A humanoid Selenite is positioned against the capsule exterior with its arms raised toward the shell.,Proposal: create a hitchhiker pose or brief animation by reusing the Selenite character and capsule assets.,Georges Méliès film reference; game adaptation proposed,Observed in 1902 film imagery,Object description and game-use proposal; see referenced image's source record,"This is a distinct scene pose, not a new enemy species or a replacement capsule design.",escape,,"[""F12""]","[""https://commons.wikimedia.org/wiki/File:M%C3%A9li%C3%A8s,_viaggio_nella_luna_(1902)_12.jpg""]","[""selenite"", ""capsule"", ""pose"", ""asset-reuse""]"
O62,Tall-masted harbour ship,film-object,Return,Scenery,A ship silhouette in the harbour has tall masts and many thin rigging lines above a dark hull.,Proposal: use a layered ship-and-rigging backdrop for a short Earth-return vignette.,Georges Méliès film reference; game adaptation proposed,Observed in 1902 film imagery,Object description and game-use proposal; see referenced image's source record,The entry records its visible silhouette rather than a precise vessel class or scale.,return,,"[""F13""]","[""https://commons.wikimedia.org/wiki/File:M%C3%A9li%C3%A8s,_viaggio_nella_luna_(1902)_13.jpg""]","[""ship"", ""mast"", ""rigging"", ""harbour""]"
O63,Low harbour rescue vessel,film-object,Return,Prop,"A low vessel-like silhouette crosses the harbour, with a semicircular wheel-like shape visible along its side.",Proposal: use the low silhouette as the rescue vessel in a return scene without building a new playable transport system.,Georges Méliès film reference; game adaptation proposed,Observed in 1902 film imagery,Object description and game-use proposal; see referenced image's source record,The small still does not resolve engineering details; the rescue role is an adaptation of the return sequence.,return,,"[""F13""]","[""https://commons.wikimedia.org/wiki/File:M%C3%A9li%C3%A8s,_viaggio_nella_luna_(1902)_13.jpg""]","[""vessel"", ""wheel-like"", ""rescue-adaptation"", ""harbour""]"
O64,Foreground harbour quay,film-object,Return,Scenery,"A dark quay or pier edge projects into the foreground at the right, beside the ship and water.",Proposal: reuse its projecting edge as a hub border or return-scene foreground layer.,Georges Méliès film reference; game adaptation proposed,Observed in 1902 film imagery,Object description and game-use proposal; see referenced image's source record,Surface materials and structural details are not established by this image.,return,,"[""F13""]","[""https://commons.wikimedia.org/wiki/File:M%C3%A9li%C3%A8s,_viaggio_nella_luna_(1902)_13.jpg""]","[""quay"", ""pier"", ""foreground"", ""border""]"
O65,Towering water-splash plume,film-object,Return,Effect,"A tall, very bright plume rises from the harbour water and dominates the left side of the frame.",Proposal: translate the plume into a brief square-particle splash during the Earth-return transition.,Georges Méliès film reference; game adaptation proposed,Observed in 1902 film imagery,Object description and game-use proposal; see referenced image's source record,"The still verifies the visible plume, not animation timing, duration, force, or particle trajectories.",return,,"[""F13""]","[""https://commons.wikimedia.org/wiki/File:M%C3%A9li%C3%A8s,_viaggio_nella_luna_(1902)_13.jpg""]","[""splash"", ""plume"", ""water"", ""effect""]"
O66,Astronomer commemorative monument,film-object,Celebration,Prop,"A monument shows an astronomer with a raised hand and umbrella, with one foot above a Moon-face bearing the capsule in its eye.",Proposal: use this exaggerated monument as an epilogue landmark or replay-menu backdrop.,Georges Méliès film reference; game adaptation proposed,Observed in 1902 film imagery,Object description and game-use proposal; see referenced image's source record,The game may reinterpret its narrative meaning; it is not a reference for the Man in the Moon's combat behaviour.,celebration,,"[""A12""]","[""https://commons.wikimedia.org/wiki/File:Trip_to_the_Moon_Statue_Color.jpg""]","[""monument"", ""astronomer"", ""moon-face"", ""umbrella""]"
O67,Wreathed monument plinth,film-object,Celebration,Prop,The monument stands on a rectangular decorated plinth with a wreath on its front and an inscription band near the top.,Proposal: reuse the plinth shape as a civic marker while keeping text and ornament legible at pixel scale.,Georges Méliès film reference; game adaptation proposed,Observed in 1902 film imagery,Object description and game-use proposal; see referenced image's source record,No exact inscription transcription is asserted here.,celebration,,"[""A12""]","[""https://commons.wikimedia.org/wiki/File:Trip_to_the_Moon_Statue_Color.jpg""]","[""plinth"", ""wreath"", ""inscription"", ""civic-prop""]"
O68,Painted period-town frontage,film-object,Celebration,Scenery,"Period building fronts with small windows, rooflines, and turret-like forms fill the background behind the monument and crowd.",Proposal: build a compact shared Earth-town backdrop that can also appear beyond the observatory and launch area.,Georges Méliès film reference; game adaptation proposed,Observed in 1902 film imagery,Object description and game-use proposal; see referenced image's source record,"The architecture is recorded as a painted-looking visual composition, not assigned to a specific real city.",celebration,,"[""A12""]","[""https://commons.wikimedia.org/wiki/File:Trip_to_the_Moon_Statue_Color.jpg""]","[""town"", ""facade"", ""period-architecture"", ""backdrop""]"
O69,Hat-raising celebration crowd,film-object,Celebration,Character,Celebrants behind the front line hold several hats aloft around the commemorative monument.,Proposal: reuse the astronomer and period-citizen sprites in a few cheering poses for the chapter epilogue.,Georges Méliès film reference; game adaptation proposed,Observed in 1902 film imagery,Object description and game-use proposal; see referenced image's source record,"The still verifies the lifted hats and crowd arrangement, not the timing of a cheering animation. The sailor front line reuses the earlier attendant costume and is not counted as a new object here.",celebration,,"[""A12""]","[""https://commons.wikimedia.org/wiki/File:Trip_to_the_Moon_Statue_Color.jpg""]","[""crowd"", ""hat"", ""celebration"", ""pose""]"
O70,Horizontal harbour reflection streaks,film-object,Return,Scenery,Bright horizontal streaks and dark bands depict reflections across the foreground harbour water.,Proposal: use a restrained looping pixel water texture or static painted bands beneath the return-scene vessels.,Georges Méliès film reference; game adaptation proposed,Observed in 1902 film imagery,Object description and game-use proposal; see referenced image's source record,A still does not establish how the water was animated or how the original effect was constructed.,return,,"[""F13""]","[""https://commons.wikimedia.org/wiki/File:M%C3%A9li%C3%A8s,_viaggio_nella_luna_(1902)_13.jpg""]","[""water"", ""reflection"", ""horizontal-streak"", ""painted-surface""]"
G01,Lunar surface and celestial tableau,generated-concept,Celestial Dream,Environment concept,"Portrait lunar-surface study with jagged painted-looking rock wings, Earth/crescent/Saturn performers, a finless capsule, Victorian traveller and upright Selenites.",Proposal: use celestial silhouettes and layered scenic rocks around broad dashable clearings; salvage additions reuse the capsule kit.,Built-in image generation tool,2026-10-08,Generated game adaptation; not archival film material.,"Interpretive game concept, not a faithful prop replica or production-ready asset.",lunar-tableau-v2,concepts/lunar-tableau-v2.png,"[""USER01"", ""A09"", ""F07""]","[""https://commons.wikimedia.org/wiki/File:M%C3%A9li%C3%A8s_Trip_to_the_Moon_planets_still.jpg"", ""https://commons.wikimedia.org/wiki/File:M%C3%A9li%C3%A8s,_viaggio_nella_luna_(1902)_07.jpg""]","[""pixel art"", ""game adaptation"", ""film-based"", ""monochrome""]"
G02,Giant mushroom grotto,generated-concept,Mushroom Grotto,Environment concept,"Paired regular and optional grotto-room studies, using the film's mushroom silhouettes, organic shelves and a Victorian traveller.",Current proposal: reuse the pictured fungal scenery for swarm encounters. Hitting reachable mushroom spore clusters releases falling spores that temporarily repel regular enemies. The pictured vent/warning gameplay is superseded; cluster and swarmer art remains to be produced.,Built-in image generation tool,2026-10-08,Generated game adaptation; not archival film material.,"Interpretive game concept, not a faithful prop replica or production-ready asset. Design update: the user confirmed player-triggered falling spores that temporarily repel a mushroom-map swarm. This image predates that decision and is retained for scenery and asset-reuse composition, not as an accurate depiction of the new interaction.",mushroom-grotto-v2,concepts/mushroom-grotto-v2.png,"[""F09"", ""USER01""]","[""https://commons.wikimedia.org/wiki/File:M%C3%A9li%C3%A8s,_viaggio_nella_luna_(1902)_09.jpg"", ""https://commons.wikimedia.org/wiki/File:M%C3%A9li%C3%A8s_Trip_to_the_Moon_planets_still.jpg""]","[""pixel art"", ""game adaptation"", ""film-based"", ""monochrome""]"
G03,Painted Selenite court,generated-concept,Selenite Court,Environment concept,"Portrait royal-court study with curling panels, radial star ornaments, crescents, drapery, a staged ruler and biped rib-patterned guards.",Proposal: retain a broad combat floor; optional rehearsal encounters reuse the court and guard kit with a bell and formation markers.,Built-in image generation tool,2026-10-08,Generated game adaptation; not archival film material.,"Interpretive game concept, not a faithful prop replica or production-ready asset.",selenite-court-v2,concepts/selenite-court-v2.png,"[""F10"", ""USER01""]","[""https://commons.wikimedia.org/wiki/File:M%C3%A9li%C3%A8s,_viaggio_nella_luna_(1902)_10.jpg"", ""https://commons.wikimedia.org/wiki/File:M%C3%A9li%C3%A8s_Trip_to_the_Moon_planets_still.jpg""]","[""pixel art"", ""game adaptation"", ""film-based"", ""monochrome""]"
G04,Observatory and launch object studies,generated-object-sheet,Observatory / Launch,Object study,"Twelve labelled pixel studies of observatory dress and instruments, expedition umbrella, telescope, finless capsule and hatch, cannon, anvil, ladder and workshop clothes.",Proposal: simplify these silhouettes into reusable props and costume pieces. The revised worker study follows the film workshop costume.,Built-in image generation tool,2026-10-08,Generated game adaptation; not archival film material.,Interpretive object board; silhouettes must be checked against the movie before production. Worker costume revised against the workshop frame A13; the first generated board is retained as an uncatalogued prior version.,observatory-launch-object-studies,concepts/observatory-launch-object-studies-v2.png,"[""F01"", ""A08"", ""A13"", ""O01"", ""O02"", ""O03"", ""O07"", ""O20"", ""O21"", ""O09"", ""O10"", ""O27"", ""O12"", ""O14"", ""O18""]","[""https://commons.wikimedia.org/wiki/File:M%C3%A9li%C3%A8s,_viaggio_nella_luna_(1902)_01.jpg"", ""https://commons.wikimedia.org/wiki/File:M%C3%A9li%C3%A8s_Trip_to_the_Moon_cannon_still.jpg"", ""https://commons.wikimedia.org/wiki/File:Trip_to_the_Moon_Workshop.png"", ""https://commons.wikimedia.org/wiki/File:M%C3%A9li%C3%A8s,_viaggio_nella_luna_(1902)_03.jpg"", ""https://commons.wikimedia.org/wiki/File:M%C3%A9li%C3%A8s,_viaggio_nella_luna_(1902)_02.jpg"", ""https://commons.wikimedia.org/wiki/File:M%C3%A9li%C3%A8s,_viaggio_nella_luna_(1902)_04.jpg"", ""https://commons.wikimedia.org/wiki/File:M%C3%A9li%C3%A8s,_viaggio_nella_luna_(1902)_07.jpg"", ""https://commons.wikimedia.org/wiki/File:M%C3%A9li%C3%A8s,_viaggio_nella_luna_(1902)_05.jpg""]","[""pixel art"", ""game adaptation"", ""film-based"", ""monochrome""]"
G05,Lunar scenery and celestial object studies,generated-object-sheet,Lunar Surface / Grotto,Object study,"Twelve labelled pixel studies of jagged lunar scenery, crater-ring ground, celestial performers, mushroom caps and clusters, porous fungi, a trunk crossing and grotto shelves.","Proposal: reuse this compact lunar and grotto kit across regular and optional layouts, keeping detailed scenery around readable dash floors.",Built-in image generation tool,2026-10-08,Generated game adaptation; not archival film material.,"Interpretive game concept, not a faithful prop replica or production-ready asset.",lunar-scenery-object-studies,concepts/lunar-scenery-object-studies.png,"[""USER01"", ""A09"", ""F09"", ""O34"", ""O35"", ""O37"", ""O39"", ""O40"", ""O41"", ""O43"", ""O44"", ""O45"", ""O46"", ""O47"", ""O48""]","[""https://commons.wikimedia.org/wiki/File:M%C3%A9li%C3%A8s_Trip_to_the_Moon_planets_still.jpg"", ""https://commons.wikimedia.org/wiki/File:M%C3%A9li%C3%A8s,_viaggio_nella_luna_(1902)_09.jpg"", ""https://commons.wikimedia.org/wiki/File:M%C3%A9li%C3%A8s,_viaggio_nella_luna_(1902)_07.jpg"", ""https://commons.wikimedia.org/wiki/File:M%C3%A9li%C3%A8s_Trip_to_the_Moon_stars_still.jpg""]","[""pixel art"", ""game adaptation"", ""film-based"", ""monochrome""]"
G06,Selenite characters and court object studies,generated-object-sheet,Selenite Court / Celebration,Object study,"Twelve labelled pixel studies of upright Selenites, projecting headpieces, spears, the royal figure and seat, celestial court ornament, a square-puff effect and commemorative monument.",Proposal: use costume patterns for enemy readability and reuse court panels across encounters; square particles are a game effect interpretation.,Built-in image generation tool,2026-10-08,Generated game adaptation; not archival film material.,"Interpretive game concept, not a faithful prop replica or production-ready asset.",selenite-court-object-studies,concepts/selenite-court-object-studies.png,"[""F10"", ""F11"", ""A12"", ""O49"", ""O50"", ""O51"", ""O52"", ""O53"", ""O54"", ""O55"", ""O56"", ""O57"", ""O58"", ""O66"", ""O67""]","[""https://commons.wikimedia.org/wiki/File:M%C3%A9li%C3%A8s,_viaggio_nella_luna_(1902)_10.jpg"", ""https://commons.wikimedia.org/wiki/File:M%C3%A9li%C3%A8s,_viaggio_nella_luna_(1902)_11.jpg"", ""https://commons.wikimedia.org/wiki/File:Trip_to_the_Moon_Statue_Color.jpg"", ""https://commons.wikimedia.org/wiki/File:M%C3%A9li%C3%A8s,_viaggio_nella_luna_(1902)_12.jpg""]","[""pixel art"", ""game adaptation"", ""film-based"", ""monochrome""]"
